surface_m2,num_rooms,floor_number,has_elevator,building_age_years,distance_metro_km,district_prestige_score,has_parking,energy_rating,num_photos,construction_quality_score,distance_supermarket_m,rent_eur_month
96.9,5,12,0,66.3,2.521,2.96,0,2,3,30.2,372,1793.92
62.8,1,10,0,47.5,1.282,6.97,1,4,16,60.4,994,1475.52
105.6,2,14,0,19.6,2.989,7.9,0,1,18,83.3,181,1958.44
89.1,3,15,0,59.7,0.881,2.5,1,5,22,49.3,618,1874.2
27.6,4,11,1,6.8,1.907,1.39,1,3,18,97.7,954,1153.21
117.5,1,5,0,62.0,0.685,4.96,0,3,6,36.8,1081,1985.5
95.6,3,9,0,47.2,1.759,7.97,0,1,12,49.7,1315,1861.44
98.2,1,6,1,8.9,0.576,6.86,0,3,14,97.7,1234,1902.17
31.1,4,10,1,6.4,0.607,7.32,0,1,30,89.2,802,1332.79
63.9,4,12,0,60.1,2.162,4.63,0,5,16,23.9,490,1421.15
55.8,3,5,1,23.4,0.96,3.11,0,4,20,84.1,429,1460.02
112.5,2,8,1,71.1,0.645,5.79,0,3,23,27.7,1490,1956.6
83.7,1,0,1,61.0,3.258,2.84,1,5,11,48.9,932,1454.17
101.9,5,11,0,55.9,0.198,7.54,0,5,29,60.9,1368,2230.78
63.2,4,7,0,22.3,2.0,2.77,1,1,21,80.1,679,1606.77
41.2,2,7,0,56.7,1.942,3.62,1,1,26,56.9,754,1210.21
74.6,3,8,1,75.9,0.915,5.56,1,2,23,33.0,1248,1690.46
24.5,4,3,1,7.3,1.612,5.38,0,1,19,100.0,1098,1109.21
102.4,4,9,0,26.1,0.353,6.41,0,3,1,68.0,341,2146.38
82.4,3,11,1,18.8,2.538,4.94,0,3,18,83.0,810,1465.82
95.3,2,5,0,31.5,0.815,9.28,0,3,4,77.1,359,2039.71
54.2,4,2,1,59.4,0.717,8.56,0,1,19,45.0,1154,1394.85
117.0,4,6,1,37.9,1.136,8.91,1,5,22,75.1,93,2275.58
109.1,3,3,1,45.7,3.163,6.67,0,5,17,55.5,1249,1956.55
97.4,1,5,0,25.1,2.798,6.72,0,3,10,93.9,1398,2012.46
37.9,3,10,1,11.3,3.317,6.48,0,1,2,100.0,83,1293.88
65.6,4,1,0,21.4,2.299,4.91,1,2,21,83.0,964,1700.07
22.5,5,11,1,68.8,2.337,3.9,1,4,21,42.5,164,1245.34
33.7,3,3,0,48.2,1.706,6.33,0,4,15,66.2,572,1095.1
87.7,2,14,0,30.2,3.173,1.23,1,2,22,63.3,538,1619.31
94.0,3,11,1,63.2,1.813,1.07,0,5,24,32.6,804,1708.01
116.7,1,4,0,5.2,1.275,8.66,0,5,16,100.0,1381,2077.39
51.2,1,9,1,20.3,2.259,1.42,1,3,2,83.9,719,1223.6
55.8,4,1,0,18.4,1.934,5.72,1,2,27,81.6,627,1539.93
65.9,5,1,1,78.8,0.478,6.53,0,3,15,29.1,184,1791.76
37.3,5,15,0,56.5,1.405,2.78,0,1,21,30.1,1337,1074.91
31.3,3,12,0,49.4,1.131,9.06,0,3,28,54.0,506,1319.4
66.5,1,2,1,0.4,2.972,2.71,1,1,11,93.6,720,1273.59
41.1,5,4,0,14.7,1.357,8.96,1,1,19,94.1,183,1548.28
86.3,3,3,0,50.8,2.884,7.87,0,3,1,62.2,469,1773.45
62.6,2,6,1,30.4,1.576,3.17,0,3,27,77.3,852,1327.53
102.9,5,4,0,73.9,2.65,2.36,1,5,2,36.6,1356,2013.98
89.4,4,5,0,61.2,0.517,3.85,0,3,17,33.0,527,1816.22
49.9,4,8,0,35.8,3.24,4.58,0,5,11,72.5,863,1306.09
102.9,2,3,0,60.0,1.708,3.21,0,5,2,51.1,1320,1765.37
100.1,5,14,1,78.0,0.946,9.99,0,2,14,39.7,573,2173.66
57.5,3,11,0,36.9,0.883,3.07,0,5,29,83.8,477,1440.24
47.4,3,12,0,51.4,0.965,8.48,1,3,6,40.2,114,1512.28
87.6,4,2,1,73.5,1.315,2.43,1,3,9,30.7,1367,1774.95
32.3,4,11,1,19.9,2.525,9.82,0,1,6,76.2,210,1249.87
38.4,1,13,0,70.9,3.326,3.03,0,2,4,37.5,362,1020.42
18.8,2,2,1,7.8,2.358,4.8,0,3,7,93.1,252,949.36
98.3,2,12,0,51.9,1.938,6.03,0,2,18,51.4,1076,1773.94
85.8,5,5,0,62.6,1.598,2.08,1,3,24,51.9,579,1880.88
89.9,4,12,1,49.2,2.907,8.35,1,1,21,46.9,1072,1842.29
97.6,2,7,0,39.6,2.981,3.47,1,2,24,56.0,931,1729.74
64.8,4,12,0,49.4,1.061,5.94,1,4,22,47.4,71,1711.08
76.0,4,2,0,12.1,3.339,5.95,0,4,12,86.2,496,1551.1
32.3,2,6,1,17.2,1.413,6.42,0,5,28,74.7,55,1274.78
29.7,3,4,1,21.6,2.81,1.5,0,5,6,80.2,145,978.06
86.2,5,3,0,47.8,3.386,2.52,0,5,21,55.6,736,1711.01
66.1,3,4,1,35.4,2.478,2.45,0,1,4,61.9,434,1295.8
75.7,1,6,0,19.6,0.607,3.72,1,4,23,89.4,179,1971.62
96.0,4,2,1,70.6,2.072,2.3,0,2,3,36.0,642,1666.7
82.7,3,11,0,29.9,0.46,9.3,1,2,7,81.6,705,1752.19
74.5,3,8,0,35.7,2.773,5.62,0,2,12,66.3,1489,1400.92
75.0,4,13,0,32.8,1.021,6.61,0,3,21,70.3,1009,1863.39
49.0,5,11,0,14.6,2.448,4.22,1,1,2,82.4,620,1541.11
21.1,2,2,1,58.5,3.19,3.49,1,3,8,47.3,736,865.0
62.5,3,1,0,35.9,0.674,5.53,1,1,11,73.4,179,1706.14
39.9,1,6,0,1.3,1.405,3.65,0,3,22,95.5,611,1205.13
59.7,4,7,0,77.1,2.283,4.09,1,4,29,34.7,893,1547.42
105.0,3,3,1,65.3,1.498,5.07,1,1,19,34.8,80,1960.74
41.9,2,12,0,57.9,0.653,5.55,1,1,16,54.0,1384,1321.68
23.9,4,9,1,69.5,0.15,9.86,0,5,11,32.8,797,1428.91
46.7,3,11,0,72.5,1.453,3.01,0,4,25,41.5,1191,1321.15
47.9,3,1,0,27.0,2.29,5.39,0,2,4,76.2,449,1216.41
85.5,3,13,1,48.9,2.03,2.35,0,5,4,68.2,1263,1682.49
74.8,2,3,1,48.7,0.589,4.15,1,2,7,46.9,582,1823.77
98.0,1,7,1,21.4,1.605,7.46,0,5,9,68.9,1396,1921.13
85.8,5,7,1,17.8,1.325,2.57,1,1,14,79.1,807,1966.19
59.5,1,13,1,9.1,0.996,6.23,1,4,29,80.7,973,1645.19
101.0,2,4,0,52.7,2.566,4.75,0,1,20,41.5,345,1776.08
35.0,4,3,1,62.5,1.118,1.46,1,1,12,48.7,1493,1196.02
20.3,1,5,0,60.9,1.913,9.4,1,3,7,45.2,329,1133.8
27.2,4,5,1,25.3,3.235,4.72,0,1,20,73.4,98,1104.25
91.7,4,2,1,16.4,1.911,8.06,0,3,8,82.1,688,1980.49
65.1,4,2,1,36.3,2.179,4.75,1,2,30,62.6,1261,1569.54
34.4,2,3,0,43.7,0.303,9.44,1,1,15,73.8,1386,1396.16
69.1,1,7,0,73.5,0.665,3.61,0,5,17,27.9,1293,1461.66
33.5,5,5,1,70.0,0.398,4.71,1,5,28,26.4,852,1447.44
89.0,2,6,0,73.3,2.689,7.83,1,5,10,40.4,1380,2140.05
63.5,5,11,0,68.0,2.934,4.09,0,1,15,37.1,763,1318.54
56.9,1,3,1,77.2,0.693,4.28,0,2,16,46.9,743,1385.79
48.8,1,14,0,37.2,0.806,9.95,0,2,9,62.3,312,1313.24
82.3,4,12,1,3.8,1.165,6.0,0,2,2,100.0,1193,1854.46
54.9,5,2,1,6.7,2.089,7.2,1,3,9,100.0,508,1896.55
26.9,5,5,0,31.2,2.195,6.79,0,3,4,67.7,333,1155.79
30.0,4,2,1,20.6,2.419,8.45,0,3,21,75.5,586,1229.0
116.1,2,4,1,13.6,3.173,8.76,1,2,1,93.7,925,2125.68
110.7,5,5,0,76.3,1.068,6.07,0,5,10,36.0,441,2098.31
89.4,4,2,1,15.6,2.323,3.65,1,5,27,74.6,570,2029.82
45.1,1,0,0,76.8,1.981,1.21,0,2,18,21.9,528,948.03
116.9,1,7,0,60.9,1.105,6.53,0,2,21,24.9,915,2081.35
97.4,5,11,0,51.3,3.181,8.43,0,3,21,58.6,1086,1874.89
91.1,2,4,0,54.1,0.379,5.05,0,2,9,49.2,1030,1563.07
63.8,4,13,0,26.5,2.506,2.48,0,5,19,74.8,254,1490.78
45.8,1,5,0,51.7,2.561,3.59,1,3,7,39.9,553,1021.69
27.8,2,14,1,14.9,3.208,5.59,0,1,20,77.8,990,1110.48
110.1,2,3,1,75.0,1.839,8.53,0,1,21,28.7,363,1802.61
64.5,2,8,0,24.1,1.16,2.55,1,1,27,72.9,150,1384.04
38.6,4,12,0,20.4,2.906,6.51,0,2,28,82.6,516,1325.31
49.2,5,0,1,56.9,2.709,7.78,1,2,1,53.5,1034,1459.34
77.1,5,14,0,52.5,1.776,9.42,0,5,9,70.9,1013,1782.77
36.0,4,5,1,36.1,2.699,2.05,0,5,17,67.3,238,1324.65
105.4,2,7,0,50.6,0.974,9.34,0,1,10,63.4,1032,1892.28
95.4,5,10,1,12.8,2.084,6.41,0,5,19,81.9,332,2061.08
91.4,3,10,1,53.9,3.035,7.9,1,3,26,38.1,1125,1909.0
62.1,3,0,1,21.6,1.147,1.48,0,2,8,77.7,872,1440.15
82.0,4,13,1,21.8,1.718,5.56,1,3,27,67.6,233,1969.71
77.6,4,9,1,13.0,3.331,6.6,1,3,27,88.4,558,1749.19
84.3,5,15,1,26.6,2.804,3.76,0,1,28,69.8,1237,1743.06
26.6,3,7,1,26.5,3.11,4.88,0,5,3,60.5,677,1036.03
60.4,4,9,1,36.3,1.379,5.99,1,1,9,81.2,1048,1698.82
22.2,4,7,1,15.2,3.488,5.97,1,1,4,82.0,1135,1019.32
68.4,2,14,1,15.4,0.576,1.38,1,2,4,73.0,94,1719.81
51.6,2,13,1,43.3,1.84,4.96,1,1,2,68.2,1401,1288.22
32.7,4,14,1,10.3,1.703,2.92,1,1,14,84.9,536,1252.33
28.5,1,8,1,55.1,2.805,9.25,0,2,3,59.1,1201,955.9
77.9,2,12,1,75.5,3.185,9.79,1,2,9,26.2,727,1582.83
35.4,4,5,1,34.1,2.572,3.7,1,1,30,64.9,887,1181.03
112.4,5,7,0,72.1,2.213,2.58,0,5,27,37.9,573,1976.43
77.3,3,12,0,7.9,1.525,2.98,0,5,29,97.7,1288,1667.46
53.4,2,1,0,3.4,1.811,5.3,1,4,2,100.0,220,1364.93
78.3,3,11,0,57.7,1.807,8.87,1,3,20,47.3,1350,1923.75
20.3,4,0,0,60.9,0.12,5.5,1,5,20,49.4,350,1243.54
115.8,3,9,1,67.4,1.786,1.5,0,2,4,45.3,1331,1809.69
67.2,1,7,0,4.5,3.003,1.36,1,3,28,97.5,85,1359.42
97.8,3,7,0,62.2,2.497,3.05,1,1,13,42.9,69,1906.68
26.4,3,7,0,30.1,2.795,8.58,0,4,30,61.3,185,1208.01
67.6,4,7,0,24.3,1.397,6.59,1,1,4,83.0,844,1691.88
68.1,5,6,0,13.8,1.875,6.07,1,4,20,87.9,436,1692.74
113.7,5,7,0,79.7,0.166,3.87,1,4,4,25.0,917,2115.3
76.3,4,9,0,5.1,1.371,9.36,0,2,29,100.0,1239,1763.49
66.3,2,12,1,66.2,1.687,3.98,0,4,19,29.0,89,1589.74
45.2,3,8,0,51.2,0.93,8.51,0,2,3,67.1,814,1439.03
51.8,1,10,1,58.8,0.158,9.06,0,2,7,46.9,1122,1349.37
71.1,5,13,0,56.9,2.432,5.35,1,3,11,51.3,665,1686.83
62.8,5,15,0,68.7,1.551,9.05,0,2,1,35.0,1392,1589.61
20.2,5,1,1,14.7,1.484,3.49,0,4,1,73.4,1010,1049.88
102.3,2,11,0,0.1,0.912,6.93,0,2,28,98.8,100,2070.48
109.4,2,3,1,47.9,1.906,1.79,0,3,30,59.6,835,1831.29
32.3,5,3,0,28.3,1.561,5.27,0,5,17,79.9,607,1492.46
74.5,3,12,0,9.9,1.685,2.96,1,2,28,89.5,240,1802.25
29.1,4,1,0,14.9,2.054,1.56,0,3,20,69.1,1429,1159.44
86.6,3,13,0,26.5,0.072,1.03,1,5,1,63.8,373,1893.01
46.7,3,12,1,5.6,3.182,3.92,0,2,22,100.0,170,1232.69
85.3,4,15,1,4.6,0.295,6.31,1,1,1,87.2,372,2047.67
92.2,5,10,0,73.3,1.606,5.1,1,2,25,45.5,1244,1965.24
96.4,2,13,1,25.0,0.765,3.72,0,5,12,70.1,920,2071.19
29.0,5,1,0,78.6,1.857,9.92,0,4,5,27.8,1239,1364.34
111.4,2,14,1,77.1,1.017,9.46,0,5,8,35.6,719,2205.34
41.5,3,2,1,11.4,3.017,2.13,1,2,21,83.2,219,1209.52
21.8,5,5,0,57.2,1.417,4.74,0,5,26,61.3,612,1333.16
74.6,5,2,0,48.1,2.254,6.84,0,2,18,57.3,339,1594.87
55.8,5,6,1,55.3,0.909,7.6,0,4,5,54.0,857,1809.15
102.6,2,11,0,7.7,0.117,4.3,0,5,28,90.9,440,2009.83
100.4,5,4,0,15.1,1.444,7.72,0,2,24,91.7,1457,1973.07
50.3,5,13,1,6.1,1.901,2.12,1,5,13,100.0,597,1506.24
115.2,5,9,0,48.3,1.635,3.99,0,4,17,55.5,505,1968.51
47.7,1,10,0,78.9,3.369,7.45,0,4,29,42.8,1478,1282.01
70.5,4,15,1,53.8,2.489,6.63,0,4,12,46.7,804,1581.58
44.1,5,6,0,56.9,3.485,8.53,0,1,1,54.9,297,1348.09
113.5,4,5,1,78.8,1.068,1.42,0,4,5,33.0,747,2151.23
34.8,2,15,1,54.2,2.772,2.57,0,2,19,42.6,419,953.55
22.6,4,8,0,3.2,1.967,1.44,0,2,30,98.8,1089,1016.53
62.4,1,9,0,69.4,2.161,2.73,0,1,23,37.6,882,1108.95
119.2,3,4,0,29.2,3.451,1.04,0,1,19,66.9,1109,1819.68
109.0,4,3,1,0.3,2.306,5.54,0,5,10,100.0,1414,2434.93
94.4,3,2,0,40.6,3.151,5.75,0,2,14,64.6,1107,1845.62
108.9,4,3,0,75.0,2.554,6.92,1,2,2,32.0,544,2040.81
109.1,2,3,0,20.6,0.489,4.46,0,3,12,80.9,342,1919.59
70.9,4,11,0,39.3,2.463,1.03,0,4,19,63.9,818,1509.35
50.2,4,0,1,13.9,1.721,7.07,0,3,28,84.5,701,1522.83
96.7,4,10,0,4.6,3.22,1.49,1,3,28,97.0,504,1843.21
85.5,2,15,1,6.4,2.834,8.8,0,5,25,89.0,1227,1926.19
56.1,2,12,0,58.2,0.409,1.2,0,3,1,68.9,1369,1205.46
27.6,2,6,0,69.1,0.512,5.77,1,4,25,26.5,603,1154.29
94.2,3,0,1,11.5,0.29,9.05,0,5,7,85.0,1037,2113.09
44.8,3,13,0,23.1,1.752,6.15,0,4,19,75.2,1478,1278.33
113.6,2,0,1,15.6,0.329,6.48,0,1,29,100.0,67,2205.56
42.6,3,10,0,2.1,2.547,7.13,1,2,27,87.5,579,1409.18
30.5,2,10,0,44.3,1.956,2.1,1,4,20,63.6,1120,968.21
102.8,2,3,1,56.0,2.934,7.07,0,3,9,51.6,772,1863.5
33.6,4,11,0,51.8,1.015,8.92,1,2,16,56.0,1199,1318.48
36.3,5,2,0,31.0,1.841,9.77,0,2,22,82.0,738,1505.0
79.1,2,3,1,44.4,0.455,4.99,0,1,16,69.8,143,1613.27
107.2,5,12,0,7.5,3.102,4.1,1,2,13,89.6,679,2311.05
38.0,3,15,1,12.3,0.654,7.78,0,4,13,90.4,636,1517.37
49.7,1,4,0,74.5,0.403,5.89,0,1,18,18.0,1277,1150.77
97.3,2,14,1,60.9,0.757,3.32,0,5,2,46.0,263,1615.52
117.1,1,14,0,73.8,2.831,2.55,0,2,30,27.2,275,1726.37
69.1,1,12,0,73.3,0.415,2.53,0,5,4,32.5,255,1314.19
32.7,2,2,1,52.0,2.17,5.13,1,2,30,39.8,873,1281.94
19.4,3,4,1,74.3,2.624,2.53,1,5,2,36.4,1494,974.21
41.4,4,10,0,33.3,2.641,1.18,0,3,16,56.4,947,1221.79
31.4,1,15,0,0.3,0.706,1.47,0,5,13,100.0,1234,1045.96
87.1,5,13,0,5.0,0.263,9.37,1,1,18,85.7,1285,2136.58
30.4,2,6,1,8.8,1.598,1.66,1,4,14,85.3,921,1119.47
69.6,1,3,1,7.6,0.749,1.66,0,2,27,100.0,933,1544.15
88.8,4,15,0,28.1,2.462,5.06,1,2,1,79.4,402,1888.03
77.3,4,4,0,56.1,1.281,3.21,0,1,30,58.7,1442,1545.48
38.4,4,5,0,63.3,1.6,9.66,0,5,21,55.6,1193,1590.65
100.0,1,15,0,47.2,0.442,9.2,0,4,24,51.3,1315,1974.12
91.0,1,8,0,11.7,2.008,4.64,1,5,5,100.0,1477,1753.61
93.4,2,4,1,59.8,0.69,5.04,1,3,2,34.4,556,1544.36
31.4,3,0,1,28.4,2.393,4.38,0,1,12,80.4,258,1094.5
30.6,5,6,0,1.0,0.296,1.34,0,2,10,95.1,1297,1226.4
112.6,2,15,0,22.4,3.417,3.64,1,3,24,72.4,736,1985.07
58.6,1,6,1,26.4,2.412,2.1,0,1,27,81.1,1440,1177.19
48.7,5,11,1,21.9,0.677,1.92,0,5,13,87.8,1057,1452.03
67.8,1,4,0,64.9,0.099,6.05,1,5,24,48.9,423,1635.2
85.6,1,12,0,60.8,1.204,1.89,0,3,2,47.0,564,1567.33
115.5,3,12,1,55.6,0.577,1.93,1,3,23,51.0,935,2231.23
47.2,3,9,0,11.1,0.804,5.32,0,4,3,94.2,622,1385.26
112.3,4,12,1,64.6,3.061,4.98,1,4,21,44.3,458,2270.53
20.5,5,9,0,54.2,2.131,2.24,0,1,12,55.6,354,974.79
74.6,5,6,1,15.6,0.659,1.04,1,3,13,87.6,992,1736.35
82.7,2,11,1,51.8,1.97,2.74,0,4,9,60.1,101,1621.7
28.8,5,13,0,38.7,0.932,3.12,0,5,13,52.2,185,1155.95
32.3,4,13,1,35.1,3.418,8.2,0,3,27,67.3,111,1299.23
60.7,1,3,0,9.0,0.163,9.24,0,5,25,80.9,1115,1498.34
116.6,5,10,1,41.5,2.576,4.65,0,3,11,64.9,92,2029.94
78.8,1,0,0,8.0,2.717,4.65,1,2,9,100.0,659,1366.06
113.2,3,9,0,13.1,0.282,7.41,0,3,16,84.4,226,2191.4
100.0,4,9,0,10.6,0.643,6.64,1,4,21,91.5,902,2394.59
65.7,2,5,1,76.3,1.376,2.66,0,5,6,37.4,99,1407.66
98.0,2,15,1,22.8,3.045,1.97,0,2,22,62.9,87,1766.76
19.8,3,14,1,28.4,1.903,4.94,0,2,29,70.2,646,1201.45
29.1,5,0,0,25.8,2.311,6.08,0,4,26,79.7,1059,1318.25
102.6,2,3,1,71.9,2.751,2.25,0,4,17,12.2,209,1627.24
99.3,4,3,1,45.0,2.907,3.64,1,2,10,51.7,769,1820.66
41.7,3,14,1,73.5,1.693,3.75,1,4,10,42.6,1225,1332.85
72.1,1,8,1,24.0,1.805,3.35,0,1,23,86.4,957,1371.47
79.8,4,11,1,9.2,2.527,5.15,1,2,14,94.7,1138,1761.21
106.5,5,12,1,44.5,0.959,6.88,1,5,4,67.0,508,2436.26
79.5,3,12,1,27.6,2.998,5.58,0,3,21,76.8,1416,1784.89
60.1,1,1,0,64.2,0.122,2.81,0,5,5,46.7,261,1212.36
56.2,1,2,1,70.4,0.725,1.93,0,2,30,34.2,928,1166.41
61.4,3,6,1,37.8,2.811,8.4,0,2,13,66.9,681,1467.88
84.5,3,5,0,77.7,1.224,5.31,0,5,11,25.0,96,1822.65
106.5,3,11,0,44.2,0.567,1.56,1,5,2,70.3,1419,2171.52
64.3,2,2,1,21.7,0.694,3.32,0,5,6,92.7,1068,1748.99
43.3,3,5,0,39.1,1.881,8.24,0,2,29,75.8,380,1341.07
42.1,2,3,0,3.0,2.969,7.77,0,5,17,94.0,125,1272.28
94.1,4,3,0,64.3,0.294,8.88,0,3,28,34.5,1030,2139.44
101.3,4,2,0,8.1,0.155,6.42,0,5,29,100.0,840,2116.82
28.7,4,3,0,24.7,1.655,4.81,1,5,2,82.1,122,1276.78
24.8,1,9,1,45.2,3.349,4.84,0,3,12,61.9,1480,853.37
78.6,5,6,0,3.4,1.013,2.75,1,2,26,91.8,1091,1599.38
32.9,1,6,0,6.3,3.359,6.86,0,5,15,97.7,721,1106.03
102.1,5,7,0,55.7,3.113,6.27,1,3,16,41.2,395,2050.54
49.7,1,11,0,5.7,1.027,2.39,1,3,18,99.9,443,1422.49
32.7,3,13,1,38.2,2.868,8.97,0,4,22,76.7,705,1299.19
111.9,1,8,0,27.1,2.416,4.32,0,5,29,88.7,132,1799.52
34.9,1,10,1,18.2,1.816,1.45,0,1,27,89.2,583,964.16
47.0,4,11,0,15.1,1.509,3.95,1,5,19,75.4,365,1338.48
33.7,4,11,0,61.1,2.863,8.83,0,3,18,46.6,213,1189.94
29.8,1,2,0,76.1,2.786,9.25,1,1,11,48.6,232,1140.49
20.2,5,15,0,11.2,2.661,5.41,1,2,4,83.0,551,1155.21
23.7,2,2,0,76.8,3.494,9.61,0,3,22,30.4,605,1088.05
35.8,2,6,0,47.6,1.701,8.88,1,4,1,68.5,558,1188.23
23.4,2,10,0,51.3,2.834,8.43,0,3,21,58.7,1051,1038.31
78.3,3,6,0,56.8,3.026,8.74,1,1,15,68.7,807,1700.69
87.4,1,3,0,56.3,0.78,4.44,1,3,24,43.4,329,1856.39
58.2,3,14,1,65.6,0.195,7.81,0,2,29,33.1,1460,1670.41
50.4,2,1,0,38.7,1.446,6.2,1,2,17,75.0,1109,1468.59
69.5,1,3,1,42.7,3.006,7.48,0,4,18,52.0,731,1623.0
107.3,2,15,0,25.9,1.047,2.6,0,5,15,75.1,121,1899.85
104.8,4,11,0,8.4,2.465,7.58,1,1,12,91.9,1376,2275.83
22.4,4,1,0,53.2,0.075,9.62,0,4,3,60.4,1130,1244.43
36.5,2,12,1,2.7,1.276,3.72,1,3,1,100.0,719,1173.99
42.1,2,15,1,22.1,2.174,9.88,0,2,22,83.8,284,1435.59
43.4,4,1,0,7.5,0.498,4.41,1,4,28,90.0,206,1416.11
76.3,4,6,1,15.3,3.143,2.8,0,2,2,96.0,470,1609.76
60.5,5,7,1,51.1,0.589,2.01,0,4,10,86.2,383,1599.45
23.0,5,2,0,50.3,3.189,8.06,0,3,19,60.3,353,1254.72
56.1,5,3,0,33.7,0.797,5.99,0,1,22,70.5,641,1574.68
71.4,5,2,1,7.2,3.48,3.76,1,4,23,83.1,117,1726.15
28.4,3,2,1,34.7,2.136,6.48,0,5,21,63.7,522,1224.45
103.0,2,6,0,28.2,0.341,3.99,0,3,3,72.9,1313,1818.43
23.3,2,7,0,57.6,0.275,5.04,0,4,8,43.9,1306,1012.84
112.3,2,3,0,46.3,0.308,8.76,0,1,15,58.2,62,2164.33
28.1,4,4,1,39.3,2.085,7.01,0,2,2,78.8,1034,1175.72
104.0,4,3,1,39.0,2.843,7.86,1,2,11,74.9,1488,2049.36
110.1,5,12,1,77.3,1.44,6.25,0,4,12,29.2,889,2179.41
117.9,1,3,0,60.5,1.585,9.92,0,2,30,35.9,616,2314.13
99.8,3,14,1,39.8,2.083,3.17,0,4,10,74.9,762,1829.0
97.5,2,8,1,38.3,1.889,3.36,1,2,30,65.1,359,1813.24
83.5,5,12,0,2.1,2.424,1.83,0,4,22,84.3,626,1593.91
97.5,2,10,0,75.4,1.678,5.99,1,2,21,37.8,1409,1891.59
31.7,1,4,0,25.5,2.513,6.52,0,3,25,85.2,938,1120.61
72.7,3,9,0,20.5,3.491,7.53,0,1,26,62.2,675,1647.39
70.5,5,4,0,80.0,1.259,4.02,1,4,7,21.4,230,1742.03
105.5,5,1,0,57.5,0.092,1.11,0,1,13,47.4,1364,2083.07
65.2,1,4,1,3.8,0.483,6.69,1,5,16,100.0,285,1756.3
57.3,2,4,0,5.0,1.96,9.99,0,5,30,91.4,1097,1708.1
83.2,1,2,0,2.0,1.238,3.65,0,3,2,91.5,489,1688.28
45.2,2,0,0,48.0,3.293,2.66,1,5,15,62.6,454,1333.33
32.3,3,15,0,5.7,2.215,3.54,0,5,7,91.1,298,1138.48
66.7,2,8,0,74.7,1.845,4.83,1,1,7,37.1,594,1339.15
60.5,1,6,1,75.0,2.803,3.26,0,4,23,23.7,1032,1313.25
41.7,3,14,1,43.7,0.942,4.12,0,2,7,49.9,654,1315.0
55.5,1,3,1,49.3,2.878,6.74,1,5,24,61.6,85,1568.65
55.4,2,6,1,23.4,0.061,4.11,0,5,30,81.0,433,1617.89
51.4,1,13,1,5.1,2.188,4.56,0,5,24,100.0,282,1507.12
56.7,1,10,1,59.0,3.275,1.36,0,3,6,42.6,632,1158.48
87.9,3,6,0,8.1,2.768,9.26,0,1,5,86.3,1359,1826.17
48.3,5,4,0,6.8,2.995,4.66,0,1,14,100.0,1446,1247.82
114.8,4,0,0,24.9,1.419,3.95,0,1,17,65.4,1497,2097.59
111.5,1,1,1,1.0,2.894,1.78,1,5,24,100.0,213,1873.04
67.1,1,2,1,34.7,1.95,6.71,0,3,13,79.3,757,1488.41
51.5,2,12,0,56.6,2.184,8.77,0,2,6,55.9,116,1357.1
72.6,4,10,1,64.1,0.253,1.37,1,3,30,36.8,768,1778.55
104.6,4,6,1,48.3,0.745,2.31,0,1,28,50.0,886,1943.48
84.6,5,12,0,67.7,1.951,2.32,1,3,20,37.3,1172,1924.84
100.0,2,2,1,32.5,0.253,6.42,0,3,21,60.4,538,1652.76
72.3,1,3,1,67.9,2.608,9.29,0,4,29,31.2,102,1602.95
82.6,1,6,0,40.5,2.948,4.94,0,1,15,68.7,708,1610.59
47.4,1,14,0,17.8,3.225,4.09,1,5,5,89.1,669,1392.14
93.0,1,9,0,75.5,0.401,7.89,0,1,19,23.6,955,1866.76
38.6,5,13,1,22.0,3.292,7.68,0,3,14,85.6,194,1519.22
88.9,2,3,0,2.1,0.283,3.22,0,2,24,100.0,939,1788.84
105.8,5,13,1,19.4,1.685,2.45,0,4,24,94.6,631,2105.06
31.5,3,1,0,29.3,2.949,4.22,0,4,15,78.2,1122,1126.66
80.7,3,3,0,28.1,0.293,7.98,0,1,12,83.2,1477,1810.02
27.7,3,8,0,42.0,0.113,7.26,0,3,13,66.0,380,1195.93
92.0,5,0,1,70.7,0.136,6.99,1,3,19,44.3,1143,2076.04
26.6,1,13,0,23.4,1.814,8.46,1,3,20,68.7,235,1105.89
113.5,1,13,1,41.7,2.85,3.49,0,1,16,61.5,1479,1882.25
32.0,3,8,1,27.2,0.49,4.06,0,1,16,75.2,747,1171.1
115.8,2,4,1,65.7,0.48,1.38,0,3,30,38.9,1132,1934.31
99.7,3,1,0,12.6,2.011,8.82,0,2,8,92.2,1178,1917.05
78.6,4,9,1,8.3,0.858,6.24,0,3,6,97.6,932,1889.45
97.8,3,8,0,40.2,2.569,3.68,1,1,24,66.9,607,1943.13
99.1,2,12,1,53.8,3.326,1.62,0,4,29,50.2,1144,1585.86
114.5,2,9,0,63.6,2.693,7.51,0,1,19,36.8,741,1806.56
43.8,4,2,0,47.2,3.076,7.74,0,4,13,66.3,1006,1442.31
78.2,2,1,1,61.9,1.843,7.0,0,5,11,47.1,939,1531.54
27.7,3,12,1,31.4,2.922,2.83,0,2,15,63.6,723,1023.21
80.8,3,2,1,2.6,0.681,9.22,0,1,2,96.1,219,1999.54
35.5,4,15,0,9.3,0.286,7.78,0,1,16,77.7,474,1502.6
75.6,4,1,1,3.1,2.313,6.92,0,2,9,97.5,1410,1790.51
76.4,3,11,0,26.3,0.229,6.86,0,1,8,74.7,804,1795.73
65.5,2,15,0,39.6,3.129,9.14,1,5,17,59.7,972,1859.67
71.3,2,7,0,28.5,2.436,9.35,0,5,29,87.0,425,1487.36
95.9,3,0,0,44.8,3.335,6.36,1,5,7,50.4,1074,1855.64
99.5,2,14,0,38.4,1.133,4.75,0,5,28,71.0,756,2036.37
68.2,4,2,0,54.2,1.727,4.27,0,3,16,68.7,367,1552.35
79.2,2,8,1,53.4,2.609,8.37,0,2,30,60.6,262,1814.76
113.0,4,15,0,25.4,0.888,6.8,1,3,12,76.8,623,2288.74
30.2,4,11,1,27.7,1.919,1.7,0,2,30,66.0,870,1126.4
29.9,5,0,0,46.8,2.325,2.28,0,5,20,47.0,456,1144.97
26.9,1,13,0,47.7,3.427,9.1,1,3,21,53.8,405,1073.75
85.1,4,2,0,25.2,2.619,8.96,0,2,17,71.8,441,1794.53
60.7,1,11,0,26.4,0.458,9.57,0,4,14,70.5,476,1604.94
97.0,2,9,1,55.5,1.69,4.85,0,2,16,47.4,1122,1701.41
86.5,1,4,0,51.8,2.081,8.06,1,2,26,52.6,774,1879.42
52.0,1,6,1,10.8,0.556,8.45,0,2,24,94.2,730,1509.85
109.6,1,1,0,35.3,1.54,3.84,0,1,1,58.3,285,1913.84
95.8,1,15,0,71.4,1.03,2.31,0,1,21,30.3,840,1506.54
45.6,5,3,1,2.9,0.46,9.97,1,3,26,96.1,1446,1639.96
55.1,1,4,1,68.4,1.817,1.27,0,5,23,36.9,1131,1211.85
50.1,2,8,1,13.1,0.621,6.38,0,2,15,100.0,698,1657.41
34.1,4,10,1,40.6,2.087,6.85,1,4,11,65.3,495,1483.15
33.1,5,8,1,33.9,0.635,7.14,1,2,21,56.5,561,1443.55
113.5,5,8,0,0.8,2.546,3.3,1,2,20,100.0,88,2241.1
62.7,1,9,0,73.2,0.724,7.49,0,1,12,38.5,92,1489.4
57.1,5,13,1,36.4,3.142,2.95,1,3,13,66.2,1176,1406.21
92.4,4,6,0,76.3,0.14,8.46,0,4,12,21.6,1273,2182.47
74.4,1,13,0,22.9,1.851,2.97,0,2,2,93.4,1455,1401.42
113.5,3,12,1,69.3,1.154,7.27,0,3,1,29.1,958,2101.09
97.6,5,15,1,73.8,0.827,8.05,0,3,3,38.9,1398,2117.02
66.9,2,14,1,44.5,1.677,2.7,0,2,13,61.5,654,1523.11
56.4,1,12,1,16.2,2.955,3.14,1,4,16,90.2,418,1284.22
118.6,5,3,0,54.8,3.208,8.01,0,3,13,64.3,406,2009.26
91.2,5,12,0,43.9,1.096,1.77,1,1,29,65.0,393,1960.93
115.0,5,11,1,75.6,0.582,2.72,1,3,7,27.5,1131,1974.54
30.1,5,4,0,35.1,2.534,5.1,0,2,12,77.2,64,1167.35
104.8,5,10,1,21.5,2.058,9.37,1,4,8,75.6,1421,2449.98
83.0,3,4,0,11.1,0.744,6.06,1,2,9,91.4,1174,1928.56
30.4,1,8,0,55.9,2.673,4.49,0,5,18,39.4,602,1055.02
78.0,4,12,1,77.9,1.84,9.81,1,4,10,21.6,1068,2002.34
88.0,2,3,1,2.3,2.304,5.17,1,1,10,98.4,245,2016.44
19.3,3,5,0,59.2,1.29,4.9,0,3,21,49.6,675,987.9
64.3,4,12,0,74.2,1.565,4.7,0,5,25,19.6,208,1627.26
102.2,5,7,1,6.0,0.672,3.81,0,2,7,98.6,212,2017.83
48.1,2,15,1,8.8,2.66,3.93,1,4,4,85.5,59,1416.51
64.8,2,0,1,55.4,0.592,7.19,0,4,8,60.4,1204,1566.16
63.1,4,11,0,51.8,2.735,1.37,0,4,18,50.5,1129,1566.0
48.8,1,13,0,5.5,2.803,7.14,1,1,29,86.1,1345,1286.74
111.7,3,14,0,66.8,2.626,2.81,1,2,5,40.5,1474,2115.11
97.7,4,2,0,41.9,0.117,4.46,1,2,2,55.0,1449,2086.44
29.3,3,15,0,72.6,0.992,2.32,0,2,16,44.8,1490,1042.06
119.7,2,6,0,70.2,1.666,5.97,1,5,30,36.8,73,2290.43
107.7,5,5,1,65.0,2.105,7.56,0,1,17,40.3,1187,2133.89
47.0,2,5,0,41.3,3.221,4.19,0,3,28,67.6,1099,1213.0
103.4,4,10,1,20.1,1.346,2.47,1,5,20,73.8,285,2085.62
28.9,3,10,1,40.5,3.069,3.04,0,5,1,53.3,248,971.38
119.9,1,7,0,8.1,0.614,8.36,1,4,13,96.0,1468,2251.31
85.9,3,1,0,52.7,1.331,3.41,1,5,24,43.8,1330,1659.66
84.3,1,15,0,10.7,0.23,7.97,0,3,16,81.6,525,1891.08
27.2,5,3,0,40.9,2.612,3.98,0,4,6,69.9,158,1060.0
109.5,4,1,0,4.4,0.57,2.7,0,3,6,100.0,534,2038.92
21.0,2,9,0,24.0,0.937,7.55,0,1,20,68.4,57,1101.07
42.6,3,6,1,18.6,2.725,5.22,1,1,14,78.3,1047,1353.89
32.6,4,9,1,49.6,1.895,1.28,0,5,18,48.1,601,1024.1
97.2,2,14,0,62.9,0.098,9.64,1,1,12,57.6,121,2053.23
38.2,2,1,1,4.6,0.058,2.33,0,2,11,100.0,1471,1204.06
110.9,3,4,0,68.0,1.812,4.18,0,4,20,35.4,1248,1997.56
84.9,2,8,1,68.9,1.102,4.46,1,3,1,42.6,1362,1884.66
21.7,4,12,1,27.4,0.672,5.4,0,3,14,64.5,1497,1136.22
18.6,1,9,0,52.7,2.167,8.07,0,5,12,47.2,70,852.92
23.3,5,6,1,32.2,0.838,1.05,0,4,24,71.9,1174,1207.78
79.8,2,9,0,12.3,2.093,9.39,1,5,22,92.5,1192,1850.33
99.8,3,15,0,42.3,1.358,6.81,1,4,13,61.2,1184,1873.34
42.3,1,7,1,6.9,0.694,9.56,1,5,8,95.8,434,1487.43
104.6,2,14,0,70.3,0.526,8.36,0,4,8,37.4,616,2185.8
23.8,4,12,0,73.9,0.867,9.35,0,3,7,32.1,1398,1167.33
99.7,2,4,0,65.7,0.153,6.41,1,5,9,38.5,145,2315.89
112.6,1,3,0,45.0,1.113,4.22,0,5,23,56.1,980,1873.72
96.8,3,12,0,44.6,3.162,4.99,0,1,2,61.7,1200,1731.69
89.2,1,3,0,78.8,2.918,6.92,1,5,1,32.4,1207,1596.93
103.5,2,5,1,19.8,1.333,4.84,0,4,17,83.7,916,1952.21
22.1,3,3,0,6.1,2.037,7.59,0,5,7,85.1,1162,1144.39
38.6,3,9,0,45.0,2.007,1.83,0,4,25,51.5,1369,1033.69
30.7,4,4,0,26.3,2.909,8.47,0,5,23,79.5,1161,1508.87
69.5,4,10,0,25.8,0.865,2.84,1,2,24,88.6,218,1657.31
94.0,5,14,0,0.6,1.073,9.5,0,1,14,100.0,404,2065.98
82.3,1,13,0,47.7,1.091,2.4,0,1,14,53.8,492,1590.5
104.8,2,15,0,21.1,0.191,2.16,0,2,13,82.8,547,2098.54
33.8,1,0,1,15.0,1.136,8.31,0,2,6,77.4,573,1232.95
92.9,1,7,1,3.2,3.079,8.37,0,3,18,100.0,369,1666.24
37.7,2,3,0,29.1,3.196,7.65,0,1,26,75.3,1041,1161.52
45.6,3,14,0,70.3,0.428,9.64,1,1,8,31.4,209,1356.92
90.4,5,11,0,26.9,1.63,3.43,1,3,2,74.4,1193,2037.3
118.0,4,5,1,54.3,1.366,8.44,0,4,17,46.9,1005,2086.34
80.4,4,9,0,60.5,1.738,4.17,0,1,12,56.0,1444,1575.35
23.6,4,9,0,26.2,1.964,5.84,0,3,24,74.8,59,1158.62
80.9,1,7,0,65.7,0.12,5.01,0,4,26,42.1,478,1720.63
22.3,5,7,0,55.4,2.956,1.05,1,4,29,54.8,1353,1088.19
108.2,5,0,0,44.7,3.409,6.17,1,1,12,53.8,766,2256.97
90.4,1,7,0,0.1,2.304,7.73,0,4,28,100.0,863,1902.37
35.7,3,5,0,2.8,2.329,2.57,1,1,4,99.7,92,1192.33
27.4,5,13,0,79.3,1.872,9.38,0,2,12,16.2,1155,1189.31
36.7,3,13,0,62.6,1.203,5.77,0,2,8,45.7,417,1328.36
118.0,5,12,0,75.0,0.564,2.6,0,5,28,32.1,1447,2140.41
64.8,5,0,1,72.2,2.065,6.81,0,1,19,36.1,592,1755.04
98.0,3,13,1,1.6,0.205,2.73,0,4,11,98.8,323,2201.83
82.9,1,6,0,63.3,2.895,1.57,0,5,5,45.1,911,1490.7
76.4,2,6,0,36.1,1.502,7.17,1,5,24,78.2,742,1917.64
32.8,2,15,0,63.2,1.481,2.0,0,2,20,33.7,733,770.23
114.5,3,13,1,0.5,1.179,1.96,0,1,26,96.8,1428,2022.25
48.7,3,0,0,23.1,3.394,7.66,1,2,14,84.6,578,1494.78
77.0,3,5,1,60.1,0.653,1.5,0,4,5,49.8,627,1682.02
89.4,1,11,0,63.4,0.572,8.29,0,1,11,46.6,955,1624.08
84.2,2,8,0,49.6,0.621,8.17,1,4,19,77.4,297,1911.92
113.9,4,4,0,24.1,2.322,2.27,0,2,8,83.2,1252,1662.6
33.1,1,8,0,24.8,3.472,5.67,0,4,3,86.7,383,1028.72
69.9,2,13,1,77.3,0.862,1.87,0,4,25,27.9,400,1318.79
59.2,5,3,0,35.1,3.174,6.69,0,3,16,60.4,65,1639.36
66.4,1,11,0,35.8,1.011,1.57,0,4,12,65.3,547,1475.78
30.2,3,11,0,44.2,2.285,9.5,0,5,17,65.9,895,1256.28
31.7,2,14,0,32.8,0.19,2.87,0,2,23,73.8,1072,1147.32
46.4,1,4,1,44.2,1.76,7.15,1,3,1,63.4,1353,1298.75
49.1,3,3,1,34.6,2.308,2.15,1,4,14,67.2,1178,1353.93
61.6,3,8,1,66.1,1.9,2.89,0,5,8,37.5,515,1323.28
80.3,1,8,1,72.7,0.871,5.06,0,3,3,33.1,1247,1638.17
82.7,1,6,1,74.6,2.908,6.16,1,2,2,38.7,332,1421.48
60.0,1,12,0,45.1,3.397,9.99,1,5,14,66.1,353,1377.77
59.7,4,12,0,35.4,1.634,1.23,0,5,17,60.1,569,1442.84
40.2,5,3,1,56.4,2.244,1.0,0,3,16,55.3,832,1189.78
78.0,1,12,1,67.1,2.777,4.15,0,1,24,34.4,344,1465.53
50.3,2,3,1,45.0,0.883,4.3,0,2,14,63.2,1355,1238.2
21.7,2,6,0,56.0,3.032,8.95,0,3,18,48.1,442,1142.4
60.7,2,0,1,60.0,1.017,9.21,0,4,25,58.5,618,1612.64
66.4,2,5,0,54.1,2.727,8.92,1,4,20,48.0,927,1659.3
41.0,1,15,0,59.7,0.437,2.29,0,5,28,47.7,673,1192.63
76.4,3,7,1,16.7,1.045,4.71,1,1,7,89.8,636,1828.69
75.7,2,11,0,39.9,1.891,7.71,0,3,24,57.1,1478,1718.54
89.6,2,1,0,47.1,1.861,3.81,1,4,21,57.1,682,1837.82
84.1,2,10,0,0.2,2.984,6.97,0,5,18,97.7,214,1835.12
84.5,5,5,1,68.5,3.487,3.13,0,1,1,34.3,1109,1417.26
50.3,4,11,0,48.8,0.42,3.91,1,5,17,52.6,1073,1419.4
98.3,3,14,0,10.3,0.986,8.74,0,1,26,99.6,367,2040.17
74.0,2,8,0,65.3,1.284,3.25,1,1,20,36.4,1283,1530.49
62.0,5,1,0,57.4,1.702,9.68,0,5,1,52.9,618,1789.23
81.9,5,7,1,60.7,1.754,3.76,0,4,9,47.9,268,1786.63
54.8,1,1,0,31.4,3.004,1.21,0,5,18,60.6,300,1199.39
70.3,5,7,0,68.3,2.708,3.29,0,4,25,42.7,1086,1488.98
93.1,4,0,1,33.1,0.115,2.54,0,4,14,58.9,363,1896.03
108.4,1,10,0,45.6,1.62,5.56,1,3,26,63.9,731,1843.91
111.9,4,4,0,0.1,2.182,2.01,0,3,24,95.9,1115,2081.12
69.4,1,3,0,51.6,1.638,6.63,0,3,9,53.6,1287,1294.04
71.1,1,0,1,57.5,0.501,8.87,0,2,6,37.9,760,1604.38
99.6,1,14,1,45.4,1.421,4.26,1,5,28,60.1,1366,1788.59
50.1,3,13,0,39.7,1.47,2.52,0,2,18,71.7,489,1251.07
103.4,4,12,0,64.8,0.698,4.6,1,4,26,35.2,1315,2244.48
68.4,3,0,0,54.5,2.659,8.07,0,4,28,46.1,413,1642.25
29.8,1,5,0,22.2,1.159,6.32,0,3,13,83.6,143,976.99
25.4,1,15,0,76.7,2.082,1.91,0,4,2,34.8,1102,780.84
103.9,5,9,0,56.6,1.829,5.83,1,1,28,29.6,1148,1937.87
23.7,5,2,1,79.0,3.077,5.21,1,2,18,45.0,1394,1051.59
46.6,4,2,1,77.7,0.471,3.94,0,3,4,34.3,1387,1358.58
52.1,1,4,1,73.5,0.444,1.99,1,2,16,39.4,198,1322.51
35.6,5,15,0,60.4,1.086,9.83,0,5,1,44.5,951,1519.7
50.0,4,2,1,48.8,1.538,2.58,0,5,9,41.3,1072,1404.06
93.8,3,14,1,13.8,1.08,2.73,0,4,11,93.0,921,1870.96
19.5,1,10,0,43.5,2.683,2.31,1,2,14,56.4,77,807.32
102.4,5,14,1,61.2,0.896,6.13,1,1,17,49.2,115,2056.44
105.4,3,13,1,41.7,0.342,4.99,0,4,26,60.7,1022,2047.31
56.0,1,5,0,69.5,1.478,3.25,0,5,11,39.4,1292,1153.87
33.7,2,13,1,8.8,2.718,4.86,1,3,23,85.9,310,1154.4
79.3,3,2,0,30.5,2.984,7.06,1,5,29,79.5,117,1844.64
30.2,1,4,0,40.5,2.58,3.54,1,5,23,54.1,636,1052.92
55.2,2,3,1,34.6,1.975,9.24,0,3,8,86.8,504,1733.8
115.8,3,2,0,8.7,2.548,3.76,1,2,21,100.0,1476,1931.68
119.5,5,1,0,12.3,2.401,2.78,1,1,9,100.0,1393,2171.67
96.8,1,2,0,67.0,0.859,9.59,0,4,15,49.9,859,1769.6
49.7,3,1,0,38.8,1.95,8.3,1,3,20,64.4,1428,1490.43
88.1,5,6,0,3.9,2.709,4.09,1,1,9,100.0,382,1837.79
90.0,5,1,0,1.3,1.144,8.57,0,1,1,98.0,1489,2095.54
57.6,5,0,0,37.9,2.306,5.67,0,5,26,53.5,698,1549.61
83.4,1,15,1,13.2,1.711,4.12,1,2,22,100.0,741,1704.29
19.1,5,1,0,56.4,1.786,8.56,0,2,4,58.3,123,1144.78
39.3,5,1,0,63.6,0.361,7.77,1,4,12,42.5,307,1467.0
71.6,2,0,0,18.3,2.348,3.68,1,2,8,73.8,332,1447.6
34.7,3,2,1,47.4,3.037,6.46,0,5,30,52.7,758,1193.31
34.9,3,8,1,12.4,0.538,4.32,0,4,29,74.3,325,1307.85
103.3,3,13,0,24.3,1.313,1.01,0,2,21,85.7,198,1916.45
118.9,2,11,0,71.1,0.218,9.66,0,2,14,23.2,928,2175.09
74.7,5,9,0,43.5,0.152,5.95,1,5,2,63.1,1316,1921.4
103.6,5,1,1,70.9,3.464,6.39,0,3,8,29.5,151,1756.7
119.0,2,12,1,18.0,1.752,6.4,0,5,3,72.4,863,2218.49
32.4,5,0,0,26.4,1.277,5.96,1,2,24,78.1,1443,1360.77
63.7,2,10,1,37.7,0.998,3.61,0,1,3,63.4,636,1459.09
58.0,4,6,0,38.4,3.431,9.74,1,5,21,72.1,315,1813.91
26.2,3,14,1,79.8,0.92,6.6,0,2,29,18.0,165,1160.62
95.0,3,4,1,9.2,2.554,7.04,0,5,10,85.7,1408,1812.98
62.2,1,10,1,68.2,1.029,5.09,1,4,21,19.6,638,1505.1
65.9,4,7,0,69.1,0.293,3.59,0,2,27,20.3,202,1604.48
33.4,2,8,0,44.3,2.407,1.58,1,4,13,74.6,1306,1059.86
36.5,2,15,0,27.5,0.056,4.15,0,1,14,91.9,1213,1143.75
110.5,1,11,0,41.5,2.381,2.58,1,2,7,63.4,1070,1910.79
22.6,5,6,1,23.4,0.914,6.96,1,2,13,72.4,172,1373.47
41.8,1,7,0,63.9,2.624,8.91,0,4,27,40.1,169,1210.26
47.8,4,11,1,39.9,2.706,3.72,0,3,20,71.1,367,1202.82
68.0,5,5,1,74.1,2.548,4.0,1,4,7,29.2,282,1700.87
77.8,1,2,0,49.8,0.134,7.03,0,3,16,57.1,821,1591.72
68.3,3,7,1,41.1,2.478,2.34,1,4,22,62.9,619,1586.72
26.6,3,1,0,56.9,3.466,9.36,0,1,3,44.3,1160,1052.45
42.9,2,2,0,40.3,0.887,4.27,0,4,23,59.5,197,1113.85
104.0,4,6,0,72.4,0.996,1.91,1,1,7,37.2,1106,1952.27
83.0,3,12,0,14.8,2.857,2.57,0,1,9,78.9,1405,1600.66
84.2,3,12,0,77.9,0.603,9.39,0,4,13,33.5,239,1972.4
86.4,3,4,1,65.0,2.329,3.22,0,1,16,37.7,996,1615.93
95.8,5,6,1,68.9,2.655,6.96,0,4,28,39.0,788,1794.13
23.9,4,2,1,38.6,0.178,2.41,0,1,7,76.3,187,1152.47
55.4,2,12,0,67.0,1.96,2.75,0,1,8,38.4,474,1227.5
73.0,5,3,0,24.5,2.037,8.91,0,5,12,85.3,1193,1756.22
52.5,5,12,1,61.0,1.097,2.33,0,1,26,30.8,1310,1354.21
104.1,5,13,0,11.2,3.073,1.17,0,5,29,86.1,584,2005.75
67.2,4,11,0,24.6,0.611,5.51,0,2,14,78.1,204,1723.61
96.4,2,5,0,35.7,1.306,8.76,0,4,21,83.3,405,1928.13
104.9,4,15,0,25.8,2.978,3.93,0,5,28,61.1,1273,2089.3
69.5,2,10,0,31.0,0.708,2.15,0,1,26,71.4,877,1287.05
110.8,2,10,0,65.6,2.884,9.84,0,2,21,52.6,674,1899.17
77.9,3,13,0,20.5,0.323,7.09,0,3,17,75.2,69,1601.44
104.7,5,14,1,59.6,1.738,8.66,0,5,30,44.6,1185,2160.31
52.7,3,1,0,5.9,0.31,7.77,0,1,8,97.3,725,1631.78
68.9,2,14,1,61.3,2.389,7.28,0,1,11,46.3,841,1694.58
72.2,3,12,0,63.4,2.778,4.46,0,2,22,55.5,1274,1533.17
28.7,2,3,1,32.1,2.982,3.92,0,2,1,74.7,866,879.14
58.7,4,4,1,57.8,3.435,7.45,1,2,16,58.6,1396,1533.93
111.6,2,12,1,73.2,2.368,7.45,0,1,26,31.2,861,2043.5
82.3,3,3,0,64.1,2.703,9.56,1,5,6,36.4,547,1711.36
36.1,2,7,1,31.2,1.795,6.12,1,4,25,70.1,1388,1272.84
52.6,2,11,1,38.7,3.199,3.65,0,1,13,55.9,982,1296.48
37.5,5,10,0,62.3,2.271,5.41,0,3,26,47.8,1153,1242.72
20.5,2,14,0,23.4,3.098,6.52,0,4,20,75.8,379,945.89
112.6,1,1,0,64.3,0.862,4.84,1,4,5,36.7,1023,2016.67
63.7,2,4,0,26.2,1.764,8.12,0,5,23,80.4,862,1631.23
49.4,3,15,0,64.5,2.568,6.26,0,4,2,32.8,202,1259.78
79.0,1,9,1,6.9,0.749,1.08,0,4,8,99.9,418,1556.97
18.7,2,3,1,3.6,0.779,6.13,0,1,27,93.0,1372,1082.12
46.4,1,4,0,79.8,3.424,6.7,1,1,27,37.4,879,1351.64
89.7,3,5,1,69.6,1.549,9.24,1,4,2,34.3,1173,1968.74
82.6,4,8,0,70.6,0.677,4.72,1,5,12,41.5,299,1906.89
118.1,5,4,0,76.1,1.194,6.17,1,2,3,32.9,366,2475.74
81.3,2,9,0,35.1,1.421,5.27,0,4,9,74.4,1415,1621.97
66.7,5,7,0,22.9,2.2,5.78,1,2,30,80.2,659,1632.89
95.7,2,9,0,10.4,3.234,1.61,1,3,6,77.3,1336,1728.73
110.1,4,2,0,40.1,3.454,9.08,1,4,20,72.0,1222,2353.23
91.5,3,9,0,17.6,2.298,9.19,1,4,25,83.5,538,2089.92
116.2,4,14,1,74.8,2.465,5.93,0,1,27,39.0,1427,2104.92
97.8,4,2,1,0.3,1.16,6.01,1,5,11,100.0,1176,1991.95
106.4,3,5,0,11.5,3.007,1.52,0,5,21,83.5,235,1868.9
29.6,2,11,1,19.7,0.801,6.38,1,3,15,74.9,188,1362.87
92.7,3,9,0,15.9,0.417,4.86,1,2,4,90.9,233,1812.37
62.9,5,10,1,18.1,3.408,7.38,1,3,7,81.3,1124,1681.45
74.4,5,8,0,52.5,3.031,1.42,0,5,23,60.3,257,1578.14
84.7,5,10,0,26.2,1.098,7.4,1,3,21,75.0,459,1986.54
116.9,1,9,0,49.2,2.379,3.58,0,1,16,63.9,680,1882.66
118.4,3,1,0,71.2,1.661,6.87,1,1,24,39.3,246,2245.92
47.4,1,12,1,48.2,1.165,6.64,0,5,21,58.9,529,1396.0
92.8,4,7,0,55.6,1.039,3.04,1,4,11,47.0,1034,1827.85
94.5,5,0,1,29.2,0.519,4.96,0,4,9,75.5,1460,1843.91
53.3,1,6,0,12.8,1.945,8.52,0,1,29,98.0,731,1402.28
30.6,4,6,0,25.6,1.591,6.45,1,1,30,76.5,1133,1290.22
22.2,5,1,0,77.1,1.817,1.62,1,2,1,34.8,819,1171.95
97.3,5,15,0,49.7,0.793,4.99,0,2,24,55.6,726,2238.6
67.9,2,3,0,22.2,3.288,3.81,1,2,4,81.0,805,1615.08
118.5,1,5,1,36.1,2.253,6.77,1,3,26,81.3,1440,2023.8
65.4,5,7,0,66.8,3.154,6.53,0,2,18,49.5,136,1629.99
117.7,5,13,0,53.5,0.427,1.09,1,1,21,52.5,794,2314.23
60.0,3,11,0,44.9,2.199,6.47,0,3,22,61.3,124,1560.24
99.0,5,12,0,70.8,2.981,7.61,0,4,19,30.7,1319,1981.0
26.7,1,3,1,53.8,1.192,7.92,0,4,8,50.2,922,1172.91
74.7,4,13,1,51.4,0.723,1.53,1,2,25,56.2,118,1730.99
99.8,1,13,1,15.2,0.964,3.73,0,2,17,93.1,955,1838.04
112.3,5,7,1,8.5,0.992,4.79,0,3,17,98.3,682,2044.96
101.9,4,8,0,77.2,1.593,2.62,1,1,10,21.6,118,1979.75
21.8,5,0,0,47.9,1.175,4.79,0,5,1,64.7,1469,1167.13
56.0,3,12,0,33.3,0.986,1.64,0,5,17,69.4,599,1448.1
23.0,1,15,0,47.1,2.287,2.02,0,1,11,49.7,84,774.41
29.1,1,7,0,4.9,0.233,7.02,1,5,20,100.0,939,1328.27
86.9,2,8,0,65.8,1.224,3.36,1,1,11,52.5,594,1688.44
90.8,4,7,1,17.3,2.43,7.4,0,3,30,86.5,1002,2044.05
96.9,1,1,0,64.4,0.657,1.43,0,4,21,47.7,285,1684.47
106.3,5,9,1,42.8,0.812,6.06,0,2,14,67.7,1251,1986.59
93.4,2,11,0,22.1,0.742,4.52,1,2,22,91.3,659,1971.55
99.7,3,14,0,2.4,0.053,8.17,0,1,20,100.0,660,1994.3
23.0,2,14,0,65.3,1.684,8.06,1,4,19,30.6,1216,1091.14
41.9,3,7,0,14.1,0.184,4.38,1,1,18,100.0,845,1320.44
81.4,3,15,1,4.1,0.992,6.6,0,3,28,100.0,51,1912.11
105.5,1,8,0,60.5,3.482,3.05,1,2,10,41.5,889,1717.65
18.5,3,10,0,28.0,3.218,6.22,1,5,13,66.6,987,962.04
70.5,4,9,0,31.1,0.792,1.73,1,5,8,76.0,502,1671.08
87.1,5,15,0,19.8,1.12,4.91,0,5,18,80.0,312,2097.77
21.0,2,11,0,68.7,1.65,2.64,1,4,30,40.8,128,993.8
58.9,5,1,0,23.8,2.963,8.95,0,3,19,84.5,1277,1626.37
109.4,5,1,0,16.8,2.819,5.0,0,2,7,80.3,56,2162.58
86.5,5,6,0,24.7,0.486,6.32,0,1,28,68.8,896,2038.55
42.2,2,8,0,16.3,0.479,4.24,0,5,24,88.5,1263,1410.71
105.0,5,10,0,25.4,1.488,3.6,0,2,14,72.9,560,1698.77
53.5,3,7,0,6.6,3.052,2.83,0,3,5,95.2,340,1415.72
105.0,1,8,1,12.7,3.093,9.21,0,1,13,77.8,1087,1956.66
48.5,2,14,0,33.4,0.42,8.2,0,2,25,68.0,964,1643.35
78.2,4,5,1,70.4,2.031,2.2,0,4,18,42.4,71,1553.7
58.5,1,7,1,4.6,0.587,7.72,0,3,6,100.0,887,1344.68
46.0,3,8,0,17.0,2.417,4.77,1,3,5,78.4,50,1344.89
108.4,4,7,1,72.7,3.212,1.14,0,2,30,25.3,629,1812.23
37.1,1,15,1,71.2,1.619,5.76,1,1,14,36.0,491,1218.03
26.7,3,15,1,54.4,0.337,2.17,0,5,21,55.6,1259,1233.98
52.9,2,8,0,19.2,2.048,2.89,1,3,11,85.9,1468,1334.24
91.2,3,7,0,33.6,1.459,7.26,0,2,3,65.7,1063,1812.03
100.4,2,9,0,16.9,2.848,3.31,0,2,13,87.2,1115,1796.44
119.9,5,2,1,10.3,1.224,9.03,0,4,21,100.0,82,2415.5
48.2,1,6,0,30.4,3.068,6.91,1,3,11,74.3,142,1260.91
59.6,5,3,0,46.1,0.994,8.49,0,2,19,45.5,1176,1768.78
32.0,4,2,0,28.8,0.593,6.54,0,5,14,75.7,671,1447.98
76.6,5,1,0,48.9,1.107,8.82,1,5,11,72.4,785,2132.25
119.8,5,9,1,23.7,0.17,4.26,0,1,8,68.4,1054,2233.59
89.5,1,0,0,27.7,1.02,5.94,0,4,8,75.3,553,1511.12
78.7,5,10,0,63.3,2.327,5.64,0,5,8,41.3,1039,1765.09
58.0,3,6,0,70.3,0.541,9.13,1,3,22,37.5,1104,1625.83
111.4,5,5,0,25.8,0.434,2.48,0,1,11,78.4,398,2072.23
68.7,5,12,0,45.7,0.507,6.2,0,1,23,68.0,1045,1682.04
31.7,3,8,0,22.3,0.318,7.79,1,4,10,80.7,295,1413.71
55.3,2,11,1,4.3,3.067,4.33,0,5,10,100.0,500,1271.72
24.9,1,11,0,59.0,3.307,8.81,0,1,28,45.9,1181,874.04
38.6,1,0,0,13.7,0.211,4.36,0,3,27,84.9,1476,1294.68
19.8,2,3,1,34.1,2.672,2.56,0,3,13,64.0,143,775.43
64.2,5,9,0,39.0,2.593,6.26,0,2,9,50.4,991,1570.99
82.7,3,15,1,14.8,3.489,4.79,1,4,22,88.9,876,1897.27
53.0,3,2,0,7.6,1.25,1.14,0,5,3,100.0,928,1419.13
60.9,2,1,1,27.8,1.035,1.63,0,2,14,78.6,1191,1400.66
115.8,3,15,0,76.2,1.613,2.76,0,1,18,36.9,151,1991.58
94.7,4,15,1,49.2,3.005,7.92,0,2,21,52.4,1122,2019.85
73.2,5,2,0,30.5,2.564,9.03,0,2,4,70.6,455,1889.74
47.0,4,6,0,3.1,1.677,5.91,0,4,1,100.0,273,1471.0
109.5,4,10,1,48.0,0.894,1.95,1,3,9,72.8,698,1891.04
42.0,5,3,0,7.4,2.558,5.81,0,1,4,100.0,89,1285.45
51.2,3,5,0,43.4,2.998,8.7,0,2,16,67.4,965,1446.83
110.7,5,6,0,60.2,1.43,7.75,0,4,28,46.1,870,2182.46
72.0,2,10,1,33.9,2.357,3.62,1,3,9,71.2,794,1719.27
93.7,1,4,0,24.0,1.431,2.12,1,3,14,72.4,94,1723.46
78.3,3,6,1,3.8,1.701,9.11,1,2,7,85.0,1157,1877.76
84.7,1,4,1,2.0,1.861,8.69,0,2,2,89.2,101,1825.74
48.5,1,12,0,34.4,2.726,1.48,0,1,22,69.4,430,1024.96
42.6,5,2,0,70.7,3.422,8.41,1,1,8,34.1,624,1408.32
50.9,4,3,0,19.5,1.583,1.87,0,1,17,70.7,1068,1368.8
33.9,2,3,1,45.9,1.231,1.57,0,4,21,58.4,641,959.23
107.2,5,14,0,54.7,1.339,7.83,1,1,26,48.2,1234,2217.18
46.9,1,15,0,4.9,0.512,5.83,0,3,6,86.2,1405,1366.58
75.3,2,8,0,12.2,1.074,4.73,0,5,18,86.0,1160,1673.37
98.8,4,2,0,26.5,0.348,9.13,1,4,28,73.6,106,2441.24
98.0,2,12,1,53.6,1.526,8.55,0,3,15,46.8,1168,1768.42
62.7,4,7,1,35.1,0.627,1.52,0,1,2,75.8,349,1297.96
66.6,5,13,0,58.7,1.245,6.54,1,3,8,31.9,1339,1835.67
119.5,1,5,0,69.4,2.788,7.95,1,5,24,21.6,1470,2248.45
86.8,1,15,1,60.7,0.898,5.95,0,2,24,45.4,172,1703.1
101.1,5,12,1,79.4,2.161,9.85,1,5,10,29.3,193,2311.9
110.1,3,3,1,60.3,3.159,7.17,0,4,6,48.9,1061,2084.57
98.3,3,11,0,68.2,2.006,1.94,0,2,9,34.3,257,1622.8
36.9,3,4,1,66.6,0.719,2.78,0,1,8,32.7,1455,1053.95
75.3,3,5,0,58.4,1.239,8.44,0,1,23,47.4,833,1727.02
28.4,4,4,0,64.1,2.087,9.97,0,2,26,38.7,882,1334.73
84.6,3,10,1,74.8,1.798,1.89,0,2,2,45.1,1298,1465.7
115.4,1,4,0,38.0,0.563,1.9,0,4,23,63.2,365,1926.93
70.3,4,10,0,51.1,1.591,7.87,0,3,23,53.6,856,1707.24
62.2,4,9,0,41.2,1.924,1.58,0,3,19,82.7,1499,1490.36
21.7,1,12,1,68.1,0.972,1.62,0,4,27,37.2,82,906.09
115.9,2,15,0,34.5,2.163,9.0,1,4,2,73.4,303,2141.1
28.5,4,0,1,65.6,0.292,8.2,0,4,21,46.2,261,1432.99
22.2,4,15,0,63.9,1.211,8.93,0,5,4,48.3,536,1222.58
43.1,1,1,0,77.0,2.825,6.85,1,2,27,33.1,238,1186.1
24.7,1,8,1,19.9,0.945,3.9,1,5,15,83.6,299,1020.68
64.4,3,5,1,56.8,2.138,9.16,0,3,3,49.7,1287,1515.89
70.6,3,10,0,60.6,1.465,3.69,0,1,23,40.9,724,1551.2
49.9,5,11,1,74.9,1.142,3.48,0,1,23,35.2,569,1443.86
23.2,3,13,1,72.6,3.211,8.98,0,1,14,50.9,657,1109.94
29.4,5,6,0,45.9,1.234,7.13,0,5,10,68.4,1458,1399.62
57.2,2,14,1,46.3,0.867,9.06,0,1,1,60.7,762,1676.22
24.2,3,5,1,13.4,3.187,2.4,1,5,28,94.8,730,1058.09
89.2,1,3,0,78.0,2.624,9.57,0,4,6,22.8,1396,1542.89
39.1,3,6,1,20.4,2.402,6.51,1,3,26,79.6,104,1295.2
48.8,1,8,0,58.0,0.221,7.01,0,5,18,55.4,744,1338.69
58.2,3,10,0,63.7,0.503,9.23,0,5,21,54.6,1135,1588.95
60.5,2,13,0,35.3,2.252,4.43,1,5,21,62.1,796,1515.28
18.2,1,3,1,16.9,0.773,7.48,0,3,26,80.9,1309,1123.75
29.4,1,4,0,15.1,0.828,6.76,0,2,2,100.0,1336,1193.74
106.0,3,15,1,68.5,2.738,8.09,1,1,30,39.1,537,2151.93
18.1,5,7,0,40.9,1.036,9.07,1,5,2,77.8,1236,1516.66
69.8,1,3,1,7.2,0.297,7.12,1,5,30,95.2,404,1746.35
67.9,3,15,0,57.4,0.176,1.61,1,3,8,50.3,397,1431.98
52.0,2,7,1,20.0,1.579,2.65,0,1,26,79.5,1468,1345.38
62.0,5,15,1,70.1,2.179,9.59,0,5,3,44.4,68,1584.13
97.6,3,14,0,24.8,3.048,9.72,0,2,14,88.6,562,1866.57
103.8,5,14,1,16.0,0.432,9.71,0,3,17,77.3,963,2377.47
44.6,2,9,1,6.8,0.729,1.33,1,4,29,91.1,650,1347.71
50.9,1,12,0,40.9,1.878,4.44,1,1,4,70.5,1275,1230.25
42.7,3,15,0,36.1,1.306,7.84,0,1,2,66.5,415,1221.81
66.9,4,4,1,60.1,1.715,7.78,0,1,20,42.0,852,1626.1
87.7,5,0,0,37.2,3.238,1.77,0,5,2,74.6,231,1834.33
41.3,5,5,0,27.5,1.93,6.49,1,5,24,84.1,356,1567.59
51.7,5,10,0,20.9,1.482,2.29,0,3,2,77.6,301,1335.16
112.9,4,8,0,22.3,3.464,5.44,0,3,30,81.7,1125,1918.42
23.0,2,1,0,74.2,0.275,3.16,0,3,16,23.5,344,916.36
65.0,3,8,0,13.2,3.266,1.48,1,2,29,81.0,1021,1477.31
90.6,1,2,0,79.1,1.781,1.72,1,3,4,29.8,551,1640.79
33.3,3,8,0,26.2,1.788,9.2,0,2,9,76.7,869,1209.53
22.8,2,9,1,7.1,3.231,7.7,0,4,14,85.9,1318,919.94
32.1,1,10,1,19.9,1.8,9.39,0,2,1,76.4,1302,1179.64
111.7,2,6,1,4.7,1.563,5.23,1,4,4,87.3,66,1998.99
18.9,3,6,0,63.2,0.99,4.72,0,5,10,46.8,1187,1093.83
37.2,2,10,0,41.0,2.323,4.23,0,2,23,47.4,1436,1022.26
21.2,5,11,0,27.0,2.015,6.55,0,1,22,67.6,1019,1094.15
29.3,3,12,0,53.0,0.789,4.16,0,3,3,37.4,321,1108.81
81.3,5,5,0,50.5,2.497,7.72,0,1,2,57.9,1014,2014.86
42.6,4,6,1,75.2,2.272,8.21,1,2,20,17.9,973,1494.81
76.1,1,5,0,76.9,1.421,8.88,0,4,11,31.0,1010,1644.93
78.2,2,8,0,54.5,0.065,3.19,0,3,24,64.1,672,1682.3
104.6,4,2,1,65.4,1.591,5.74,0,3,9,54.5,812,1806.61
18.5,3,6,0,63.4,0.071,3.01,0,4,11,28.5,995,935.38
105.0,2,3,1,39.3,0.309,1.34,0,1,7,67.0,723,1504.52
81.2,3,8,0,56.4,1.536,7.37,0,3,8,41.4,1172,1914.86
34.6,5,13,0,6.3,0.333,5.94,0,1,22,84.8,1079,1503.79
96.8,2,15,1,60.6,1.001,7.52,0,3,15,44.5,489,1981.3
105.3,1,7,1,76.9,2.311,1.79,0,2,20,40.6,935,1709.83
43.9,2,0,1,6.8,1.115,9.96,0,5,3,98.7,1147,1331.09
111.7,5,3,1,66.9,3.492,9.95,0,2,17,34.1,760,2132.86
64.4,4,1,0,74.6,3.211,5.18,0,2,14,38.5,1087,1605.61
79.5,5,12,1,18.1,2.069,8.79,1,1,28,65.8,233,2000.41
118.4,5,15,1,42.0,3.386,3.19,0,1,13,56.2,610,1991.38
54.9,1,8,0,74.2,3.045,7.64,0,2,4,26.6,1068,1070.31
100.9,2,2,0,76.8,1.15,8.91,0,2,21,31.5,1348,2110.8
50.5,1,0,0,10.2,2.636,8.33,0,4,5,89.2,987,1308.51
99.5,1,15,0,27.9,0.522,8.31,0,5,28,73.7,1012,1821.36
79.3,5,5,1,55.9,2.412,5.17,0,5,12,48.3,546,1694.52
40.1,5,1,0,17.7,1.744,8.38,0,5,24,84.2,1067,1435.1
60.2,1,2,1,26.0,0.108,7.22,1,5,20,80.9,567,1634.85
50.4,4,4,0,1.9,0.996,2.19,0,3,14,99.5,125,1416.96
26.0,3,10,0,12.3,3.346,2.03,0,2,18,86.7,407,890.54
21.0,1,14,0,45.0,1.14,7.95,0,4,6,62.7,936,1089.08
53.3,5,4,0,52.2,0.676,6.63,0,2,3,59.6,1445,1554.86
19.9,5,10,0,51.9,0.697,5.67,0,4,23,48.8,769,1298.27
34.9,3,1,1,62.3,1.703,9.17,1,5,29,43.5,1298,1415.81
92.0,4,0,0,33.2,2.957,6.94,0,1,26,79.4,1178,2183.79
90.2,2,0,0,21.9,2.665,4.57,1,4,10,71.5,864,1710.53
